timeStamp,elapsed,label,responseCode,responseMessage,threadName,dataType,success,failureMessage,bytes,sentBytes,grpThreads,allThreads,URL,Latency,IdleTime,Connect
1762112590318,1345,GET users,200,OK,Load 1-1,text,true,,6865,130,4,4,https://jsonplaceholder.typicode.com/users,1338,0,1177
1762112591092,680,GET users,200,OK,Load 1-3,text,true,,6865,130,4,4,https://jsonplaceholder.typicode.com/users,678,0,558
1762112590689,1085,GET users,200,OK,Load 1-2,text,true,,6865,130,4,4,https://jsonplaceholder.typicode.com/users,1083,0,960
1762112591488,408,GET users,200,OK,Load 1-4,text,true,,6865,130,5,5,https://jsonplaceholder.typicode.com/users,407,0,283
1762112591664,347,GET users,200,OK,Load 1-1,text,true,,6865,130,5,5,https://jsonplaceholder.typicode.com/users,347,0,232
1762112591772,365,GET users,200,OK,Load 1-3,text,true,,6865,130,5,5,https://jsonplaceholder.typicode.com/users,364,0,227
1762112591775,378,GET users,200,OK,Load 1-2,text,true,,6866,130,5,5,https://jsonplaceholder.typicode.com/users,378,0,224
1762112591896,361,GET users,200,OK,Load 1-4,text,true,,6865,130,5,5,https://jsonplaceholder.typicode.com/users,356,0,235
1762112591888,371,GET users,200,OK,Load 1-5,text,true,,6865,130,5,5,https://jsonplaceholder.typicode.com/users,369,0,241
1762112592011,372,GET users,200,OK,Load 1-1,text,true,,6865,130,5,5,https://jsonplaceholder.typicode.com/users,369,0,237
1762112592154,335,GET users,200,OK,Load 1-2,text,true,,6865,130,5,5,https://jsonplaceholder.typicode.com/users,334,0,217
1762112592138,356,GET users,200,OK,Load 1-3,text,true,,6865,130,5,5,https://jsonplaceholder.typicode.com/users,355,0,239
1762112592259,352,GET users,200,OK,Load 1-5,text,true,,6865,130,5,5,https://jsonplaceholder.typicode.com/users,345,0,227
1762112592258,353,GET users,200,OK,Load 1-4,text,true,,6865,130,5,5,https://jsonplaceholder.typicode.com/users,353,0,228
1762112592383,325,GET users,200,OK,Load 1-1,text,true,,6865,130,5,5,https://jsonplaceholder.typicode.com/users,325,0,217
1762112592495,341,GET users,200,OK,Load 1-3,text,true,,6865,130,5,5,https://jsonplaceholder.typicode.com/users,338,0,211
1762112592490,348,GET users,200,OK,Load 1-2,text,true,,6865,130,5,5,https://jsonplaceholder.typicode.com/users,347,0,216
1762112592611,344,GET users,200,OK,Load 1-5,text,true,,6865,130,5,5,https://jsonplaceholder.typicode.com/users,343,0,220
1762112592612,349,GET users,200,OK,Load 1-4,text,true,,6865,130,5,5,https://jsonplaceholder.typicode.com/users,348,0,219
1762112592709,377,GET users,200,OK,Load 1-1,text,true,,6865,130,5,5,https://jsonplaceholder.typicode.com/users,371,0,246
1762112592836,354,GET users,200,OK,Load 1-3,text,true,,6865,130,5,5,https://jsonplaceholder.typicode.com/users,349,0,234
1762112592839,361,GET users,200,OK,Load 1-2,text,true,,6865,130,5,5,https://jsonplaceholder.typicode.com/users,360,0,234
1762112592961,364,GET users,200,OK,Load 1-4,text,true,,6865,130,5,5,https://jsonplaceholder.typicode.com/users,358,0,232
1762112592955,377,GET users,200,OK,Load 1-5,text,true,,6865,130,5,5,https://jsonplaceholder.typicode.com/users,377,0,238
1762112593086,348,GET users,200,OK,Load 1-1,text,true,,6865,130,5,5,https://jsonplaceholder.typicode.com/users,347,0,229
1762112593192,350,GET users,200,OK,Load 1-3,text,true,,6865,130,5,5,https://jsonplaceholder.typicode.com/users,350,0,233
1762112593200,349,GET users,200,OK,Load 1-2,text,true,,6865,130,5,5,https://jsonplaceholder.typicode.com/users,349,0,229
1762112593325,334,GET users,200,OK,Load 1-4,text,true,,6865,130,5,5,https://jsonplaceholder.typicode.com/users,333,0,207
1762112593333,362,GET users,200,OK,Load 1-5,text,true,,6865,130,5,5,https://jsonplaceholder.typicode.com/users,361,0,230
1762112593435,358,GET users,200,OK,Load 1-1,text,true,,6865,130,5,5,https://jsonplaceholder.typicode.com/users,353,0,224
1762112593542,372,GET users,200,OK,Load 1-3,text,true,,6865,130,5,5,https://jsonplaceholder.typicode.com/users,367,0,238
1762112593549,366,GET users,200,OK,Load 1-2,text,true,,6865,130,5,5,https://jsonplaceholder.typicode.com/users,365,0,246
1762112593659,351,GET users,200,OK,Load 1-4,text,true,,6865,130,5,5,https://jsonplaceholder.typicode.com/users,351,0,232
1762112593696,337,GET users,200,OK,Load 1-5,text,true,,6865,130,5,5,https://jsonplaceholder.typicode.com/users,332,0,221
1762112593794,356,GET users,200,OK,Load 1-1,text,true,,6866,130,5,5,https://jsonplaceholder.typicode.com/users,350,0,214
1762112593915,361,GET users,200,OK,Load 1-3,text,true,,6865,130,5,5,https://jsonplaceholder.typicode.com/users,360,0,218
1762112593916,373,GET users,200,OK,Load 1-2,text,true,,6865,130,5,5,https://jsonplaceholder.typicode.com/users,362,0,236
1762112594034,364,GET users,200,OK,Load 1-5,text,true,,6865,130,5,5,https://jsonplaceholder.typicode.com/users,363,0,243
1762112594011,410,GET users,200,OK,Load 1-4,text,true,,6865,130,5,5,https://jsonplaceholder.typicode.com/users,397,0,268
1762112594151,397,GET users,200,OK,Load 1-1,text,true,,6865,130,5,5,https://jsonplaceholder.typicode.com/users,396,0,271
1762112594290,343,GET users,200,OK,Load 1-2,text,true,,6865,130,5,5,https://jsonplaceholder.typicode.com/users,342,0,221
1762112594277,371,GET users,200,OK,Load 1-3,text,true,,6865,130,5,5,https://jsonplaceholder.typicode.com/users,370,0,238
1762112594421,337,GET users,200,OK,Load 1-4,text,true,,6865,130,5,5,https://jsonplaceholder.typicode.com/users,337,0,227
1762112594398,360,GET users,200,OK,Load 1-5,text,true,,6865,130,5,5,https://jsonplaceholder.typicode.com/users,360,0,229
1762112594549,335,GET users,200,OK,Load 1-1,text,true,,6865,130,5,5,https://jsonplaceholder.typicode.com/users,335,0,204
1762112594633,360,GET users,200,OK,Load 1-2,text,true,,6865,130,4,4,https://jsonplaceholder.typicode.com/users,354,0,238
1762112594648,363,GET users,200,OK,Load 1-3,text,true,,6865,130,3,3,https://jsonplaceholder.typicode.com/users,362,0,240
1762112594759,346,GET users,200,OK,Load 1-5,text,true,,6865,130,2,2,https://jsonplaceholder.typicode.com/users,345,0,227
1762112594759,354,GET users,200,OK,Load 1-4,text,true,,6865,130,2,2,https://jsonplaceholder.typicode.com/users,354,0,227
1762112595105,341,GET users,200,OK,Load 1-5,text,true,,6865,130,1,1,https://jsonplaceholder.typicode.com/users,340,0,221
